{
  "ear": 0.2443002394629616,
  "pupil": 48.2209005051253,
  "brow_diff": 57.2639046538025
}