{
  "ear": 0.24455651179389357,
  "pupil": 48.81022583164422,
  "brow_diff": 56.98867497168743
}